Month,Revenue,COGS,Gross Margin,Overhead,Net Income,Cashflow,Notes
2025-11,0.00,0.00,0.00,0.00,0.00,0.00,Flat run-rate baseline; stub data
2025-12,0.00,0.00,0.00,0.00,0.00,0.00,Flat run-rate baseline; stub data
2026-01,0.00,0.00,0.00,0.00,0.00,0.00,Flat run-rate baseline; stub data
2026-02,0.00,0.00,0.00,0.00,0.00,0.00,Flat run-rate baseline; stub data
2026-03,0.00,0.00,0.00,0.00,0.00,0.00,Flat run-rate baseline; stub data
2026-04,0.00,0.00,0.00,0.00,0.00,0.00,Flat run-rate baseline; stub data
2026-05,0.00,0.00,0.00,0.00,0.00,0.00,Flat run-rate baseline; stub data
2026-06,0.00,0.00,0.00,0.00,0.00,0.00,Flat run-rate baseline; stub data
2026-07,0.00,0.00,0.00,0.00,0.00,0.00,Flat run-rate baseline; stub data
2026-08,0.00,0.00,0.00,0.00,0.00,0.00,Flat run-rate baseline; stub data
2026-09,0.00,0.00,0.00,0.00,0.00,0.00,Flat run-rate baseline; stub data
2026-10,0.00,0.00,0.00,0.00,0.00,0.00,Flat run-rate baseline; stub data
